perguntas,
quem ganhou a copa de 2022?
quem foi o maior jogador de futebol?
diga a melhor musica de akon
quem ganhou a copa de 1994?
best mikl shake in the world
titulos do sport club do recife
qual o cardapio do mc donalds?
quantos alunos tem a CESAR school?
onde fica a CESAR SCHOOL?
fale mais sobre a cesar school
onde fica recife?
quem é alessandro rocha?
quem é alessandro rocha?
quem é alessandro rocha?
oi
oi
oi
oi
hello world
diga uma mensagem de motivação para a turma do cesar school antes do intervalo
vitor vitor vitor vitor vitor vitor vitor vitor vitor vitor vitor vitor
onde fica o cesar school?
qual melhor cor par usar em gráficos de dashboard?
crie uma aplicação básica em streamlit
oi
